County,CountyDrinking,Population,BirthDefectCases,BDPrevalence,GDPcap,FIPS,FIPS State,OverdoseRate,Area,PopDensity,Age,BelowPoverty,SmokingRate,Chlamydia,TeenBirth,AirPollution,HousingProblem,Obesity,Diabetes,HigherBD,AfricanA,White
Anderson,0.19,"57,922",278,0.0482,32785,48001,48,19.45625,"1,063",55,39.1,26.5,18,389,49,9.9,15,34,11,0.0538,20.7,59.1
Andrews,0.21,"18,610",146,0.0479,34154,48003,48,13.24391,"1,501",13,32.4,23,13,265.1,68,7.3,14,32,9,0.0556,1.4,40.2
Angelina,0.18,"86,395",528,0.0457,34373,48005,48,14.90934,798,110,37.6,29.9,18,551.8,46,9.8,16,40,14,0.0496,14.8,60.7
Aransas,0.16,"23,830",151,0.0655,35832,48007,48,26.10291,252,104,50.6,27.1,16,532.5,46,9.3,16,32,14,0.0759,1.4,67.2
Archer,0.2,"8,560",34,0.044,35913,48009,48,21.17224,903,10,42.3,18.6,14,126.2,24,8.5,10,28,11,0.0615,0.8,88
Armstrong,0.2,"1,848",15,0.0718,37156,48011,48,9.88176,909,2,44.4,12.4,13,3543.9,35,6.8,9,29,11,0.1184,0.9,89.6
Atascosa,0.18,"48,981",428,0.0636,38523,48013,48,10.27619,"1,220",44,36.3,24.8,14,654.5,48,9.6,16,34,12,0.0697,0.7,33.4
Austin,0.18,"30,167",200,0.058,39462,48015,48,8.63931,646,51,41.6,25.1,14,321.3,32,10.2,13,30,10,0.0661,8.8,62
Bailey,0.16,"6,904",63,0.0513,40541,48017,48,11.13776,827,8,33.9,26.9,18,305.1,74,6.8,20,29,10,0.0657,1.1,32.9
Bandera,0.17,"20,851",84,0.0492,41009,48019,48,13.77606,791,30,52.5,22.9,14,112.8,19,8.9,11,29,11,0.0609,0.9,77.8
Bastrop,0.2,"97,216",654,0.0611,41175,48021,48,13.50159,888,135,36.8,22,17,801,36,10.1,15,35,10,0.0658,6.8,52.6
Baylor,0.17,"3,465",14,0.0349,41270,48023,48,25.13294,867,4,42.5,30.3,15,304,41,7.8,8,29,13,0.0586,2.5,82
Bee,0.2,"31,047",208,0.0587,41438,48025,48,9.43473,880,35,35.8,27,17,651,60,9.4,16,29,9,0.0667,8.3,31.2
Bell,0.2,"370,647","4,157",0.0674,41722,48027,48,10.46051,"1,054",384,32.6,25.2,17,1148.6,44,10.1,15,31,10,0.0695,21.9,45.6
Bexar,0.19,"2,009,324","18,930",0.0708,42757,48029,48,15.00784,"1,240","1,728",35,24.4,14,723.2,36,10.4,18,28,9,0.0718,7.3,27.7
Blanco,0.18,"11,374",56,0.0632,44184,48031,48,12.78489,709,20,51.4,12.8,14,663.4,21,8.9,16,29,11,0.0821,1.1,76.7
Borden,0.21,631,,,44202,48033,48,10.61023,897,1,50,13.8,11,,,7.1,5,29,12,,1.5,77.3
Bosque,0.17,"18,235",105,0.0568,44285,48035,48,15.82777,983,20,46.4,20,15,150.9,30,9.5,13,29,11,0.0677,1.7,77.6
Bowie,0.17,"92,893",582,0.0501,44294,48037,48,10.53403,885,104,38.4,26.7,18,628.6,53,10,16,38,13,0.0542,24.6,63.7
Brazoria,0.19,"372,031","2,999",0.0637,44487,48039,48,14.06633,"1,363",308,36.9,13.9,14,358.9,31,11.4,15,30,11,0.066,13.5,47.3
Brazos,0.2,"233,849","1,438",0.0532,44559,48041,48,8.12541,586,427,27.1,31.8,15,666.4,19,10.1,28,29,8,0.056,10.4,55.9
Brewster,0.17,"9,546",39,0.0417,44642,48043,48,16.61301,"6,184",2,43.5,16.9,15,492.1,28,6.3,16,29,11,0.057,1.1,50.3
Briscoe,0.16,"1,435",,,44662,48045,48,10.76301,900,2,45.2,33.1,16,996.7,,6.9,10,27,12,,3,69
Brooks,0.13,"7,076",70,0.0635,44866,48047,48,10.46617,943,7,35.7,40.8,19,677.7,96,8.6,21,29,11,0.0803,0.5,7
Brown,0.18,"38,095",194,0.0477,45103,48049,48,18.12838,944,42,42.2,25.2,18,527.8,38,8.3,11,32,12,0.0544,3.4,71.6
Burleson,0.18,"17,642",109,0.0543,45257,48051,48,12.17937,659,32,42.5,18.7,14,446.7,41,9.8,14,31,11,0.0645,12.3,65
Burnet,0.18,"49,130",301,0.0624,45527,48053,48,14.35833,995,57,45,18.9,14,384.9,36,9.1,14,29,11,0.0694,1.7,73.4
Caldwell,0.18,"45,883",309,0.0562,45802,48055,48,9.4058,545,99,37.2,25.2,16,1071,40,10.1,16,29,10,0.0624,5.8,39.7
Calhoun,0.17,"20,106",149,0.0538,46221,48057,48,13.57194,507,39,40.7,19.3,15,365.4,56,9.4,16,31,11,0.0625,2.5,42.4
Callahan,0.18,"13,708",89,0.0632,46478,48059,48,11.5456,899,16,43.4,20.5,16,280.3,31,7.9,15,28,11,0.0777,1.5,85.9
Cameron,0.15,"421,017","3,468",0.0521,46654,48061,48,5.75925,892,482,33,38.8,17,485.6,55,9.3,24,31,9,0.0539,0.4,8.9
Camp,0.17,"12,464",92,0.0506,46753,48063,48,12.05756,196,69,37.1,34.6,17,417.9,61,9.9,15,33,12,0.0621,15.9,55.8
Carson,0.21,"5,807",30,0.0555,46891,48065,48,14.45264,920,7,41.6,12.4,13,703.6,20,7,7,30,11,0.0792,0.8,85.5
Cass,0.17,"28,454",170,0.0506,47030,48067,48,12.62385,937,31,43.6,27.8,16,323.3,46,9.9,13,33,14,0.0582,16.7,76.5
Castro,0.16,"7,371",69,0.0613,47097,48069,48,6.79941,894,8,34.4,24.6,16,274.3,60,7.3,13,28,11,0.0776,2,31.1
Chambers,0.21,"46,571",369,0.0693,47110,48071,48,20.65897,597,99,34.7,16.1,15,195.6,25,9.9,11,28,10,0.0764,7.9,67
Cherokee,0.16,"50,412",449,0.0611,47303,48073,48,14.30484,"1,053",51,38.2,28,18,531.6,59,10,17,33,13,0.0668,13.9,60.5
Childress,0.2,"6,664",31,0.0442,47312,48075,48,14.29341,697,10,34.6,21,17,606.7,62,7.5,17,30,9,0.0628,9.7,57
Clay,0.19,"10,218",51,0.057,47331,48077,48,19.29862,"1,089",10,46.1,17.9,15,251,29,8.6,11,29,11,0.0749,0.7,89.8
Cochran,0.16,"2,547",22,0.0516,47333,48079,48,14.12955,775,3,36.4,44.7,17,372.5,41,6.8,17,28,11,0.0782,3.5,36.6
Coke,0.16,"3,285",23,0.0691,48235,48081,48,11.22889,912,4,45.1,28.1,15,277.9,40,7.5,10,29,12,0.1036,0.6,75.6
Coleman,0.17,"7,684",46,0.0569,48387,48083,48,8.08404,"1,263",6,47.3,24.4,16,359.8,54,7.8,13,28,12,0.0759,2.9,76.5
Collin,0.19,"1,064,465","6,617",0.0596,48399,48085,48,9.49165,841,"1,508",37.6,11,12,696.2,12,10.9,13,27,9,0.0611,9.7,57.3
Collingsworth,0.16,"2,652",18,0.0541,49130,48087,48,14.59846,918,3,39.6,29.7,17,,37,7.3,12,28,11,0.0854,5.1,57.6
Colorado,0.17,"20,557",106,0.0419,49195,48089,48,9.89304,960,23,42.4,20.6,15,431.2,35,9.7,10,28,12,0.0499,11.9,56.3
Comal,0.19,"161,501",825,0.0539,49206,48091,48,12.85421,560,379,41.6,12.5,13,431.6,27,10.2,14,28,8,0.0576,2.1,67.7
Comanche,0.17,"13,594",69,0.0457,49333,48093,48,10.96538,938,15,43.9,22.5,16,312.7,47,8.4,16,29,13,0.0579,0.5,69.5
Concho,0.2,"3,303",,,49380,48095,48,7.73047,984,3,43.2,19.1,15,196,43,7.5,6,31,9,,1.1,59.8
Cooke,0.19,"41,668",249,0.0464,49467,48097,48,19.73312,875,52,40.3,21,15,321.2,44,9.8,14,29,11,0.0521,3.1,75.3
Coryell,0.21,"83,093",633,0.0652,49585,48099,48,7.61297,"1,052",82,33.2,19.8,17,532.4,34,9.5,12,34,10,0.0703,16.2,58.5
Cottle,0.15,"1,380",,,49691,48101,48,10.03115,901,1,47.1,35.3,16,701.3,51,7.2,6,28,12,,9.1,65
Crane,0.2,"4,675",38,0.0524,49814,48103,48,12.83255,785,6,33.4,26.1,13,336.8,53,7.1,16,31,10,0.0719,2.7,32
Crockett,0.17,"3,098",27,0.0576,49822,48105,48,11.61498,"2,807",1,40.6,18.4,14,512.1,71,7.3,12,28,10,0.0838,0.6,31.7
Crosby,0.16,"5,133",55,0.075,49825,48107,48,10.46442,900,5,38.5,33.1,16,401.5,59,7.6,16,29,10,0.0977,3,39.5
Culberson,0.14,"2,188",16,0.0525,49855,48109,48,11.95848,"3,812",1,39.2,34.3,18,402.5,76,5.9,16,30,11,0.0852,0.9,21.9
Dallam,0.2,"7,115",71,0.0451,49945,48111,48,9.67453,"1,503",5,30.1,34.2,16,519.6,74,6,14,32,9,0.0569,1.5,49.1
Dallas,0.17,"2,613,539","28,174",0.0734,50112,48113,48,15.43916,873,"2,996",34.3,24,15,478.4,42,10,22,29,9,0.0742,22.5,29.2
Dawson,0.18,"12,456",91,0.0498,50131,48115,48,12.48878,900,13,33.7,33.8,16,303.3,70,7.3,8,30,10,0.0611,5.3,35.3
Deaf Smith,0.18,"18,583",176,0.0534,50236,48117,48,8.50813,"1,497",12,31.3,27.3,15,437.9,82,7,15,29,9,0.0613,0.9,24.7
Delta,0.17,"5,230",38,0.0589,50247,48119,48,16.07032,257,22,41.2,34.8,17,306.7,45,9.8,17,32,12,0.0809,6.2,81
Denton,0.21,"906,422","5,877",0.059,50251,48121,48,9.69098,879,"1,215",37.2,22.4,14,289.3,16,10.9,14,24,8,0.0605,9.8,59.3
DeWitt,0.17,"19,824",138,0.0557,50269,48123,48,9.19185,909,22,41.7,11.6,15,610.7,51,9.6,13,29,12,0.065,8.6,54.7
Dickens,0.17,"1,770",,,50287,48125,48,9.21036,902,2,49.2,27.2,16,,63,7.1,11,28,10,,4.8,62.8
Dimmit,0.15,"8,615",71,0.0448,50426,48127,48,8.88536,"1,329",6,34.3,60.4,16,919.9,61,8.1,20,29,10,0.0565,1.1,10.5
Donley,0.18,"3,258",19,0.0565,50483,48129,48,11.82443,927,3,43.7,20,15,343,37,7,12,28,12,0.0883,5,80.9
Duval,0.15,"9,831",106,0.0683,50538,48131,48,12.28725,"1,793",5,35.9,34.7,17,1545.5,63,8.5,21,27,10,0.0813,1,8.7
Eastland,0.18,"17,725",99,0.0484,50541,48133,48,8.68372,927,20,42,26.3,16,231.1,37,8.3,11,31,11,0.059,1.8,79.1
Ector,0.2,"165,171","1,929",0.0663,50764,48135,48,17.81546,898,191,31.5,24.2,15,594,70,7.8,16,33,8,0.0692,4.3,32.6
Edwards,0.16,"1,422",15,0.0711,51080,48137,48,6.97267,"2,118",1,48.9,28.5,13,264,54,7.3,12,30,12,0.1173,0.4,43.1
El Paso,0.18,"192,455","7,043",0.0564,51132,48139,48,9.29124,"1,013",864,36.2,30.7,13,362.4,30,10.5,14,35,11,0.0577,10.3,60.8
Ellis,0.18,"865,657","1,664",0.0755,51236,48141,48,12.47215,936,261,33.8,14.5,15,364.8,48,9.5,19,30,10,0.0791,3,11.8
Erath,0.21,"42,545",292,0.0615,51458,48143,48,11.10551,"1,083",41,32.6,25.5,17,603.1,20,8.8,22,27,9,0.0685,1.7,74.6
Falls,0.16,"16,968",147,0.0736,51829,48145,48,10.82465,765,23,39.6,32.5,18,525,59,10,14,32,12,0.0855,23.3,51.2
Fannin,0.19,"35,662",203,0.0591,51898,48147,48,14.06883,891,43,40.7,24.8,16,240.4,36,10,15,31,11,0.0672,6.5,79
Fayette,0.17,"24,435",124,0.052,51936,48149,48,9.64136,950,28,47.1,14.7,13,386.3,27,9.6,12,27,13,0.0612,6,71
Fisher,0.17,"3,672",20,0.0541,51982,48151,48,8.80725,899,4,44.9,16.6,14,444.2,44,7.6,10,28,12,0.0835,3.4,66.2
Floyd,0.15,"5,402",40,0.0544,52054,48153,48,8.99617,992,5,38.7,30.2,17,338.9,53,7.3,16,29,11,0.0741,3.2,36.2
Foard,0.17,"1,095",,,52196,48155,48,15.20166,704,2,47.2,36.1,13,,,7.5,4,29,12,,4.7,75.4
Fort Bend,0.18,"822,779","5,262",0.0573,52297,48157,48,7.0565,862,"1,128",37.7,12.9,12,384.6,13,11.7,14,29,9,0.0589,20.2,33.2
Franklin,0.17,"10,359",49,0.0444,52359,48159,48,10.44827,284,38,43.9,16.5,16,525.8,31,9.9,13,31,12,0.0587,3.7,78.9
Freestone,0.18,"19,435",141,0.0666,52570,48161,48,10.39718,878,24,42.2,23.3,16,314.9,41,10,12,30,12,0.0776,15.6,67
Frio,0.18,"18,385",124,0.0506,52596,48163,48,6.21477,"1,134",16,31.5,31.9,17,537.4,68,8.7,22,28,8,0.0595,3,14.8
Gaines,0.21,"21,598",164,0.0382,52599,48165,48,10.25586,"1,502",16,28,14.8,16,189.5,52,7.4,12,31,8,0.044,1.6,55
Galveston,0.19,"350,682","3,277",0.0819,52669,48167,48,22.0556,379,977,39,18,15,484.1,29,10.3,16,32,11,0.0847,12.7,57.3
Garza,0.22,"5,816",31,0.0539,52791,48169,48,9.38297,893,5,37.3,28.3,16,389.7,53,7.1,8,28,8,0.0765,6.3,40.1
Gillespie,0.16,"26,725",114,0.0454,52798,48171,48,9.84367,"1,058",27,50.5,14.5,13,481.5,33,8.4,18,27,14,0.0538,0.4,74.6
Glasscock,0.21,"1,116",,,52854,48173,48,10.85659,900,1,36.5,13.1,14,,,7.2,7,28,10,,1.6,60.5
Goliad,0.17,"7,012",36,0.0514,52905,48175,48,11.66642,852,8,46.5,20.6,14,770.2,29,9.3,10,31,12,0.0712,4,57.8
Gonzales,0.17,"19,653",157,0.0538,53090,48177,48,12.01323,"1,067",19,37.8,27.4,15,204.2,57,9.7,20,29,11,0.0622,6,41.4
Gray,0.19,"21,227",152,0.0514,53205,48179,48,14.84651,926,22,37.7,26.9,17,361.9,65,7.1,14,32,11,0.0595,4.8,63.2
Grayson,0.18,"135,543",871,0.0549,53348,48181,48,16.03742,933,165,39.1,20,16,396.9,42,10.2,15,31,11,0.0586,5.9,75.6
Gregg,0.19,"124,239",881,0.05,53429,48183,48,10.94787,273,467,36,26.1,16,838.8,55,10.2,18,31,11,0.0533,20.2,57.4
Grimes,0.18,"29,268",172,0.0523,53508,48185,48,14.64914,787,44,40.1,23.5,17,439.8,38,10.2,17,31,12,0.0601,15.3,58.3
Guadalupe,0.21,"172,706","1,074",0.0591,53538,48187,48,10.15598,711,281,38.3,15.6,14,206.3,26,10.4,13,32,11,0.0626,7.5,50.4
Hale,0.17,"32,522",264,0.0583,53588,48189,48,8.94979,"1,005",31,34.6,32.7,17,535.5,55,7.6,15,31,9,0.0653,4.8,33.9
Hall,0.14,"2,825",,,53610,48191,48,10.35194,883,3,44.1,31.8,19,318.7,44,7,11,29,12,,8,56.2
Hamilton,0.17,"8,222",51,0.0594,53630,48193,48,13.7532,836,11,45,25.8,14,196.1,35,8.6,15,28,12,0.0781,0.6,84.6
Hansford,0.17,"5,285",34,0.0452,53657,48195,48,12.0248,920,5,34.5,24.2,16,231.7,45,7.1,13,30,10,0.0631,0.7,50.7
Hardeman,0.17,"3,549",25,0.063,53843,48197,48,13.33625,695,5,42.6,24.5,17,260.4,44,7.6,8,30,11,0.093,5.1,68.8
Hardin,0.2,"56,231",350,0.0504,53941,48199,48,20.78385,891,66,39.2,20.2,15,225.5,42,9.6,12,30,10,0.0557,5.5,86.6
Harris,0.18,"4,731,145","41,220",0.0605,54065,48201,48,15.19638,"1,707","2,896",34.8,25.6,13,613.6,38,12,20,27,10,0.0611,18.6,29.7
Harrison,0.19,"68,839",370,0.0461,54067,48203,48,12.32007,900,81,38.5,25.3,16,528.9,41,10,12,35,13,0.0508,20.7,63.3
Hartley,0.22,"5,382",26,0.0402,54313,48205,48,8.81966,"1,462",3,39.4,13.6,13,,34,5.9,11,29,10,0.059,6.5,64.7
Haskell,0.18,"5,416",26,0.0562,54394,48207,48,10.8849,903,6,42.3,27,16,313.8,33,7.8,11,28,11,0.0823,3.8,64.1
Hays,0.22,"241,067","1,243",0.0498,54702,48209,48,10.09306,677,448,34.4,19.8,15,659.9,19,10.3,22,28,9,0.0526,3.7,53.8
Hemphill,0.19,"3,382",18,0.0352,54953,48211,48,10.96855,906,3,39.2,7.7,15,117.3,53,6.9,9,28,10,0.0556,0.3,63.8
Henderson,0.17,"82,150",544,0.0599,54995,48213,48,18.4123,874,102,43.4,25.8,17,313,43,10.4,14,33,11,0.065,6.2,78.1
Hidalgo,0.14,"870,781","9,484",0.0639,55085,48215,48,4.11292,"1,571",585,30.8,41.2,15,434.3,57,9.4,27,30,10,0.0652,0.4,6.2
Hill,0.18,"35,874",230,0.0568,55098,48217,48,15.4792,959,41,41.1,23.5,17,275.4,39,10.1,16,29,12,0.0641,6.5,70.3
Hockley,0.18,"21,537",165,0.0544,55185,48219,48,10.15669,908,24,35.9,25.1,15,456.6,45,7.5,12,31,10,0.0627,3.6,46.6
Hood,0.19,"61,598",416,0.0689,55211,48221,48,16.86325,421,168,45.8,14.1,14,263.4,33,9.6,12,28,12,0.0756,0.8,83.9
Hopkins,0.18,"36,787",298,0.0658,55278,48223,48,12.05922,767,51,39.3,22.9,17,485.9,43,10.1,15,31,12,0.0733,7.1,73.3
Houston,0.16,"22,066",112,0.0501,55403,48225,48,12.67993,"1,231",18,43.6,30,18,298.4,40,9.8,17,28,11,0.0593,25.1,61.8
Howard,0.2,"34,860",297,0.0663,55417,48227,48,15.1006,901,34,37.2,23.9,16,491.9,67,7.5,13,37,11,0.0738,6.2,48.6
Hudspeth,0.15,"3,202",20,0.05,55463,48229,48,9.63983,"4,571",1,34.7,38.4,20,266.4,60,6.1,19,30,11,0.0772,2,17.6
Hunt,0.19,"99,956",775,0.067,55487,48231,48,14.93748,840,147,36.5,22.4,16,496.4,35,10.4,18,32,11,0.0717,7.9,71.7
Hutchinson,0.19,"20,617",155,0.0559,55707,48233,48,18.57752,887,22,39.2,19.2,16,395.7,53,7.1,11,31,11,0.0647,2.5,70.2
Irion,0.19,"1,513",,,55714,48235,48,13.41002,"1,052",2,42.2,14.6,13,,,7.3,13,29,11,,1.1,70.4
Jack,0.2,"8,472",55,0.0607,55902,48237,48,16.62709,911,10,38.8,26,17,428,39,8.6,10,29,10,0.079,3.9,77
Jackson,0.18,"14,988",112,0.0538,55946,48239,48,11.24533,829,18,39.2,23.2,14,310.5,40,9.5,14,31,11,0.0637,5.9,58.2
Jasper,0.19,"32,980",165,0.04,56246,48241,48,18.42489,939,35,41.9,33.2,17,366.1,50,9.5,12,32,13,0.046,16,74.8
Jeff Davis,0.14,"1,996",,,56301,48243,48,11.17661,"2,265",1,62.9,36.5,15,,34,5.6,9,27,13,,0.6,61.7
Jefferson,0.17,"256,526","1,736",0.0503,56320,48245,48,19.40586,877,287,37.2,29.2,17,578.4,44,10,17,34,13,0.0527,33.3,40.4
Jim Hogg,0.15,"4,838",46,0.0593,56377,48247,48,8.27946,"1,136",4,35.4,53,16,442.3,75,8.1,11,29,10,0.0791,0.6,5.6
Jim Wells,0.16,"38,891",383,0.0655,56424,48249,48,11.44289,865,45,36.1,35.6,15,198.2,62,9.1,17,30,10,0.0721,0.5,17.8
Johnson,0.2,"179,927","1,446",0.0687,56478,48251,48,12.32823,725,300,36.6,18.5,16,296.9,38,10.5,13,30,9,0.0723,3.2,72.2
Jones,0.21,"19,663",93,0.0569,56833,48253,48,9.39924,929,22,38.4,24.7,17,85.1,53,8.1,10,30,10,0.0697,12,58.3
Karnes,0.19,"14,710",108,0.0632,56987,48255,48,8.00355,748,20,35.8,29.8,17,146.9,48,9.4,16,30,9,0.0751,8.6,36.4
Kaufman,0.2,"145,310","1,237",0.0717,57095,48257,48,13.86793,781,271,33.7,18.7,16,333.9,33,10.6,15,31,10,0.0757,11.1,64.1
Kendall,0.2,"44,279",225,0.06,57096,48259,48,9.08007,662,81,43.5,11.7,12,106.5,13,9.2,15,26,9,0.0678,1.1,72
Kenedy,0.15,350,,,57123,48261,48,8.54564,"1,459",0.22,44.8,17.6,15,,,8.4,14,28,11,,2.2,20.9
Kent,0.17,753,,,57209,48263,48,9.19532,903,1,45,9.4,13,,,7.1,11,28,12,,1.3,75.6
Kerr,0.16,"52,598",281,0.0543,57526,48265,48,16.00353,"1,103",49,48.7,22.5,14,111.9,36,8.5,18,29,14,0.0607,1.4,69.1
Kimble,0.16,"4,286",20,0.0454,57616,48267,48,10.78866,"1,251",4,50.8,27.1,14,410.2,47,7.5,12,31,12,0.07,0.5,73
King,0.19,265,,,57772,48269,48,10.29815,911,0.2,46.5,29.1,15,,,7.2,12,29,11,,0,79.1
Kinney,0.15,"3,129",,,57977,48271,48,6.01118,"1,361",2,42.5,26.3,16,140.9,51,7.6,8,29,11,,1.1,37.1
Kleberg,0.18,"31,040",233,0.0548,58181,48273,48,10.08087,881,33,28.9,36.2,16,765.9,37,9.1,19,28,9,0.0619,3.5,20.3
Knox,0.17,"3,353",17,0.0368,58475,48275,48,11.30562,851,4,39.8,26.6,15,285,24,7.8,10,29,12,0.0589,5,58.1
La Salle,0.18,"50,088",45,0.0497,58522,48277,48,13.8798,"1,487",4,38.9,32.2,18,612.9,51,9.9,15,34,13,0.0665,12.9,74.4
Lamar,0.16,"13,045",286,0.0438,58609,48279,48,12.55914,907,58,37.1,28.8,18,425.8,58,7.5,11,32,11,0.0489,3.6,38.8
Lamb,0.15,"21,627",109,0.0604,58644,48281,48,10.09629,"1,016",12,44.1,29.4,15,427.4,37,9,13,30,10,0.0717,3.5,72
Lampasas,0.18,"6,664",146,0.0668,58742,48283,48,9.71388,713,34,33.2,20.3,16,235.9,66,8.2,19,28,8,0.0776,0.6,12
Lavaca,0.18,"20,337",112,0.0487,58852,48285,48,7.91923,970,21,43.6,21.2,14,161.3,33,9.6,13,31,12,0.0578,6,73.5
Lee,0.19,"17,478",110,0.0545,58912,48287,48,9.45887,629,30,42.8,26.9,15,159.8,36,9.7,13,32,12,0.0646,10.7,63.4
Leon,0.16,"15,719",111,0.0551,58933,48289,48,15.93441,"1,073",16,44.1,23.7,16,333.6,50,9.7,12,30,13,0.0653,6.9,76.1
Liberty,0.19,"91,628",699,0.0602,58961,48291,48,21.6353,"1,158",104,32.3,29.9,17,403,53,10.3,16,29,11,0.0646,9.7,63.3
Limestone,0.17,"22,146",207,0.0735,59092,48293,48,11.22336,905,25,41.4,30.7,18,360.2,53,9.9,14,34,12,0.0835,16.9,58.3
Lipscomb,0.2,"3,059",,,59148,48295,48,12.52036,932,3,40.8,25.3,14,,47,7,8,28,10,,0.8,62
Live Oak,0.18,"11,335",68,0.0541,59542,48297,48,7.92172,"1,040",11,40.2,30.8,15,539.7,32,9.2,13,29,11,0.0686,4.2,53.8
Llano,0.16,"21,243",117,0.0681,59578,48299,48,18.28485,934,25,57.4,21.9,14,101,49,8.8,13,28,13,0.0804,1,86.1
Loving,0.19,64,,,59827,48301,48,18.13733,669,0.06,36.5,14.8,19,,,6.6,18,29,10,,3.7,76.1
Lubbock,0.19,"310,639","2,641",0.065,59997,48303,48,13.73833,896,365,32,27.1,16,724.7,36,8.2,19,32,8,0.0674,7,53.5
Lynn,0.17,"5,596",56,0.0737,60088,48305,48,10.97136,892,7,37.1,32.5,17,331.9,51,7.4,13,28,11,0.0957,1.9,49.3
Madison,0.2,"7,630",77,0.047,60392,48307,48,9.55694,466,30,44.5,25.4,16,263.8,47,7.8,17,29,11,0.0587,1.8,63.5
Marion,0.16,"260,579",49,0.0538,60434,48309,48,10.83616,381,25,34,30.2,16,738,36,10.4,19,31,10,0.0712,14.1,56
Martin,0.19,600,63,0.0695,60604,48311,48,8.74563,915,6,43,15,13,,,8.5,18,32,11,0.089,2.6,53.5
Mason,0.16,"13,455",,,61028,48313,48,11.25868,929,4,34.4,17.1,17,383.9,47,9.8,21,29,10,,19.7,54.9
Matagorda,0.17,"9,725",274,0.0518,61181,48315,48,19.16737,"1,093",34,50.8,31.8,17,413.4,44,9.9,14,32,14,0.0579,21,71.1
Maverick,0.15,"5,237",534,0.05,61576,48317,48,13.2503,"1,279",45,33.5,37.6,15,212.7,60,7.5,16,30,9,0.0542,1.7,49.6
McCulloch,0.16,"3,953",43,0.052,61595,48319,48,8.69663,"1,066",7,51.6,24.3,13,,23,7.8,15,28,13,0.07,0.6,72.7
McLennan,0.18,"36,255","2,558",0.0748,61904,48321,48,11.10896,"1,037",264,38.1,27.1,17,304.6,56,9.8,16,31,12,0.0777,10.3,43.8
McMullen,0.17,"57,887",,,61988,48323,48,5.50136,"1,140",0.5,30.5,34.8,17,537.2,68,8.2,25,30,10,,0.3,2.8
Medina,0.18,"50,748",397,0.0688,62073,48325,48,6.53512,"1,325",43,40,18.5,14,200.3,34,9.4,14,32,12,0.0756,2.4,43.8
Menard,0.15,"1,962",,,62085,48327,48,10.89534,902,2,52.7,23.4,13,,34,7.4,11,29,13,,1.3,61.6
Midland,0.21,"169,983","2,097",0.0736,62126,48329,48,11.8023,900,208,32.7,16.5,14,557.5,55,7.9,15,33,8,0.0768,5.9,45.5
Milam,0.17,"24,754",207,0.0701,62484,48331,48,11.15355,"1,016",26,42.1,24.1,16,526.3,45,9.9,15,32,11,0.0797,8.8,62
Mills,0.16,"4,456",19,0.0482,62631,48333,48,11.34585,748,6,49.3,17.2,14,122.4,36,8.2,13,28,12,0.0753,0.8,79
Mitchell,0.21,"8,990",40,0.0442,62665,48335,48,10.80888,911,10,35.5,27.5,14,286.8,64,7.4,7,31,9,0.0602,9.8,48.5
Montague,0.18,"19,965",149,0.0689,62676,48337,48,22.81265,931,24,42.7,21.1,16,150.6,38,9.1,14,28,11,0.0799,0.5,85.7
Montgomery,0.21,"620,443","4,470",0.0621,62907,48339,48,17.07072,"1,042",744,37.1,15.8,14,274,28,11.4,15,24,9,0.0639,4.9,66.2
Moore,0.17,"21,358",208,0.0506,62964,48341,48,8.7674,900,24,31.6,28,17,305.5,76,6.9,18,31,9,0.0575,3.3,32.2
Morris,0.17,"11,973",92,0.0629,62988,48343,48,13.98129,252,48,42.4,26.9,16,463.4,44,9.8,13,32,13,0.0772,22.5,63.8
Motley,0.16,"1,063",,,63169,48345,48,10.27585,990,1,49.1,17.9,15,,,7,7,28,12,,2.4,79.3
Nacogdoches,0.17,"64,653",386,0.0462,63450,48347,48,13.75113,946,70,32.1,34,17,907.7,26,9.9,19,34,13,0.0508,17.9,59.4
Navarro,0.17,"52,624",411,0.0595,64084,48349,48,11.91041,"1,010",57,36.1,29.4,17,507,62,10.2,17,28,11,0.0652,12.8,56.2
Newton,0.18,"12,217",60,0.0468,64203,48351,48,23.12996,934,13,46.3,39.3,17,293.2,42,9.5,5,31,12,0.0602,20,73
Nolan,0.18,"14,738",99,0.0492,64553,48353,48,15.59163,912,15,39.1,35.1,16,661.9,69,7.6,13,31,11,0.0599,4.4,55.2
Nueces,0.19,"353,178","3,151",0.0671,64574,48355,48,22.64387,839,422,37.3,26.7,14,734.2,44,9.9,18,34,12,0.0695,3.5,29.4
Ochiltree,0.2,"10,015",57,0.0354,64671,48357,48,9.19917,918,11,32.8,30.6,15,279.1,61,7.1,14,30,10,0.0458,0.5,42.8
Oldham,0.19,"1,758",,,64762,48359,48,15.68856,"1,501",1,42.1,24.7,16,,23,6.1,12,29,10,,3.3,77.8
Orange,0.21,"84,808",600,0.0541,65314,48361,48,33.68338,334,261,37.5,22.3,18,282.5,47,9.8,13,34,12,0.0585,8.6,80.7
Palo Pinto,0.18,"28,409",194,0.0551,65386,48363,48,18.45182,953,32,41.2,26.9,17,362.1,54,9.1,18,30,11,0.0628,2.3,75.2
Panola,0.18,"22,491",127,0.0461,65420,48365,48,12.9158,811,28,41.1,21.1,16,357.7,45,10,11,34,12,0.0541,15.6,73.2
Parker,0.21,"148,222","1,040",0.0686,65441,48367,48,14.98868,904,209,39.5,13.6,14,279.3,27,10,13,31,9,0.0728,1.4,83.6
Parmer,0.18,"9,869",65,0.042,65765,48369,48,7.70617,881,11,35.5,21.5,16,359,47,7,13,32,10,0.0536,1.1,34.2
Pecos,0.2,"15,193",88,0.0428,65814,48371,48,8.93849,"4,764",3,36.4,34.1,14,345.6,72,7,12,32,10,0.0527,3.6,25.6
Polk,0.17,"50,123",232,0.0454,65907,48373,48,23.68062,"1,057",53,43.4,27.1,17,321.5,55,9.9,15,34,12,0.0512,10,70.9
Potter,0.18,"118,525","1,203",0.066,66521,48375,48,17.8178,908,126,35.1,34,18,802.9,67,7.5,21,35,10,0.0698,9.8,44.1
Presidio,0.13,"6,131",47,0.0437,66721,48377,48,7.59778,"3,855",1,39,42.4,16,349,73,5.9,11,28,12,0.0581,0.9,11.8
Rains,0.19,"12,164",80,0.0746,66751,48379,48,14.10525,229,58,47.3,20.3,14,250.9,32,10,17,30,14,0.0929,2.3,85.5
Randall,0.21,"140,753","1,042",0.0633,66887,48381,48,12.95449,913,167,37,17,14,183.5,27,7.5,12,26,9,0.0671,3,71.6
Reagan,0.18,"3,385",32,0.0531,67092,48383,48,16.49248,"1,175",3,35.3,22.8,16,448.3,64,7.2,14,29,9,0.0749,2.4,27.1
Real,0.15,"2,758",19,0.0574,67112,48385,48,8.74758,699,4,52.3,31.5,15,121,40,7.5,10,29,13,0.0896,0.7,68.9
Red River,0.16,"11,587",67,0.0533,67115,48387,48,14.44912,"1,044",11,46.3,30.1,16,337.2,46,9.8,14,38,15,0.0676,16.4,73
Reeves,0.19,"14,748",103,0.0527,67573,48389,48,17.23697,"2,635",5,33.6,35.4,16,488.7,83,6.7,10,30,8,0.0628,4.7,17.9
Refugio,0.17,"6,741",53,0.0687,67647,48391,48,14.38125,770,9,42.6,28.4,14,425.3,50,9.3,12,29,12,0.0898,5.7,41.9
Roberts,0.21,827,,,68361,48393,48,11.5661,924,1,41.8,7.8,13,,,6.8,5,28,11,,0,85.8
Robertson,0.18,"16,757",137,0.0652,68799,48395,48,13.79214,855,21,41.6,23.6,16,696.3,48,9.8,15,32,12,0.0761,19.4,57.5
Rockwall,0.21,"107,819",720,0.0677,69038,48397,48,10.28378,127,"1,159",37.3,7.4,13,221.2,13,10.5,14,25,10,0.0726,6.2,71.2
Runnels,0.17,"9,900",58,0.0539,69691,48399,48,8.13017,"1,051",9,41.2,22.2,15,199,38,7.8,8,30,12,0.0696,2,61.6
Rusk,0.17,"52,214",270,0.0449,70580,48401,48,11.76244,924,59,39.3,24.3,17,282.6,49,10.2,12,36,15,0.0503,16.7,64.1
Sabine,0.15,"9,894",48,0.0485,71357,48403,48,15.18083,492,21,53.9,25.5,17,270.1,44,9.2,15,33,13,0.0643,6.9,86.1
San Augustine,0.14,"7,918",33,0.037,71664,48405,48,15.40966,531,15,48.5,43.7,20,413.1,50,9.3,17,32,15,0.052,21.8,69.1
San Jacinto,0.17,"27,402",120,0.0415,71715,48407,48,20.54137,569,53,44.3,29.5,17,372.1,46,10,15,30,13,0.0489,9.3,74.8
San Patricio,0.18,"68,755",651,0.0684,71876,48409,48,15.89485,693,104,37,27.6,15,250.9,47,9.7,16,36,10,0.0736,1.5,38.3
San Saba,0.17,"5,730",19,0.031,71887,48411,48,10.3474,"1,135",5,40.3,25.2,16,322,45,8.1,13,30,11,0.0485,3.2,64.4
Schleicher,0.19,"2,451",,,72100,48413,48,9.78298,"1,311",2,41.1,16.8,13,124.6,26,7.3,20,29,10,,1.3,44.6
Scurry,0.2,"16,932",123,0.0531,72121,48415,48,11.46533,905,18,36,23.4,15,215.7,76,7.5,11,29,10,0.0625,4.5,52.8
Shackelford,0.18,"3,105",16,0.0458,72230,48417,48,8.87848,914,4,42.5,16.8,15,358.2,34,7.7,13,30,11,0.0745,1,85.5
Shelby,0.16,"24,022",161,0.0454,72828,48419,48,14.02638,796,31,38.3,33.6,19,322.8,51,9.8,10,31,12,0.0524,17.7,61.1
Sherman,0.19,"2,782",19,0.0463,73855,48421,48,12.27494,923,3,36.5,15.3,14,,28,6.5,7,30,10,0.0724,1.1,53.3
Smith,0.18,"233,479","1,905",0.0629,73862,48423,48,12.63564,921,273,37.4,22.2,16,528.4,37,10.3,17,32,11,0.0657,17.3,59.6
Somervell,0.18,"9,205",65,0.0767,73880,48425,48,10.90258,186,54,43.2,14.8,16,217.4,23,9.1,15,28,11,0.0978,1.1,77.2
Starr,0.14,"65,920",769,0.0625,74009,48427,48,4.335,"1,223",54,29.5,51.1,20,423.2,74,8.6,22,32,9,0.067,0.1,3.3
Stephens,0.19,"9,101",59,0.0586,75549,48429,48,8.81214,897,10,40.5,25.2,17,339,51,8,11,30,10,0.0756,2.5,71.4
Sterling,0.17,"1,372",,,75645,48431,48,10.97645,923,1,35.9,3,17,,,7.2,10,27,10,,1.9,55.3
Stonewall,0.16,"1,245",,,75821,48433,48,9.40235,916,1,46.6,22.1,15,,35,7.4,14,28,12,,3.2,75
Sutton,0.19,"3,372",33,0.0685,76555,48435,48,9.33875,"1,454",2,41.6,26.1,12,153.3,54,7.3,10,30,10,0.0962,0.6,36.2
Swisher,0.17,"6,971",49,0.0554,77006,48437,48,9.13626,890,8,36.4,41.5,17,,75,7.3,13,28,10,0.0733,7.4,46.5
Tarrant,0.18,"2,110,640","20,740",0.0749,77224,48439,48,12.63497,865,"2,587",35.3,19.2,15,465.6,32,10.6,18,30,10,0.0759,16.3,46.8
Taylor,0.19,"143,208","1,034",0.0511,77307,48441,48,14.81524,916,164,33,22.6,18,493.2,40,8.2,16,32,9,0.0542,7.3,63.5
Terrell,0.15,760,,,77489,48443,48,10.29687,"2,358",0.29,48.9,8.9,15,,,7.2,4,28,12,,1.1,42.7
Terry,0.18,"11,831",115,0.0608,77733,48445,48,10.09543,889,13,34.4,34.2,17,384.6,80,7.3,11,30,10,0.0719,4.3,39.3
Throckmorton,0.18,"1,440",,,78045,48447,48,14.32269,913,2,46.1,26.8,14,,,7.7,12,27,12,,1,82.4
Titus,0.17,"31,247",236,0.0494,78644,48449,48,8.82283,406,78,34.9,31.4,17,389.3,52,10,17,30,11,0.0557,9.2,45.1
Tom Green,0.19,"120,003","1,047",0.0675,79626,48451,48,13.36805,"1,522",78,36.4,22.7,15,596.9,38,8,14,29,11,0.0716,3.6,53.2
Travis,0.23,"1,290,188","8,796",0.0562,82497,48453,48,16.32754,994,"1,358",35.9,16.7,13,732.5,28,10.5,21,22,7,0.0574,8,49
Trinity,0.16,"13,602",63,0.0464,82618,48455,48,20.96254,694,21,48.4,28,17,243,51,9.8,14,32,14,0.0593,9.3,78.5
Tyler,0.19,"19,798",93,0.0447,83442,48457,48,20.12257,924,22,42,31.8,16,220.2,49,9.3,13,29,11,0.0547,10.6,79.1
Upshur,0.19,"40,892",256,0.0546,85037,48459,48,13.52907,583,77,40.7,25.9,16,310.3,39,10.1,13,30,13,0.0613,8.1,80.3
Upton,0.18,"3,308",37,0.0749,85857,48461,48,12.284,"1,241",2,37,33.3,16,328.7,51,7.3,12,28,10,0.1032,1.7,42.3
Uvalde,0.16,"24,564",225,0.0568,86860,48463,48,8.00664,"1,552",16,34.1,30.9,16,440.4,58,8.2,16,31,10,0.0642,0.6,26.5
Val Verde,0.17,"47,586",432,0.0525,88874,48465,48,7.41347,"3,145",15,31.8,31.5,16,406.2,70,8.1,17,27,9,0.0575,1.3,14.9
Van Zandt,0.18,"59,541",398,0.0658,89268,48467,48,17.26131,843,79,42.2,21.4,15,198,35,10.3,15,27,11,0.0722,2.7,83.7
Victoria,0.19,"91,319",722,0.0572,90724,48469,48,13.05878,882,105,37,24.8,15,457.9,50,9.9,15,31,11,0.0614,5.9,44.6
Walker,0.2,"76,400",322,0.0512,91109,48471,48,9.22199,784,108,37.5,31.9,17,581.3,21,10.1,20,32,9,0.0568,22.8,56.3
Waller,0.2,"56,794",359,0.0552,91887,48473,48,12.21811,513,131,29.6,21.6,18,462.4,23,10.8,24,36,12,0.0609,24.5,42.9
Ward,0.18,"11,644",108,0.0586,93310,48475,48,15.30102,836,13,34.5,22.8,15,298.6,62,7.1,10,32,11,0.0697,4.1,39.9
Washington,0.18,"35,805",197,0.0512,95644,48477,48,8.81069,604,63,41.8,18.7,14,535,26,9.9,13,29,12,0.0583,16.9,63.7
Webb,0.16,"267,114","2,425",0.0488,96410,48479,48,12.96587,"3,361",81,30.3,34,18,411.9,66,8.4,31,33,8,0.0507,0.3,3.5
Wharton,0.17,"41,570",304,0.0545,103818,48481,48,10.60446,"1,086",38,37.9,24.9,16,376,49,10,14,30,11,0.0606,13,44.3
Wheeler,0.18,"4,990",22,0.0323,106885,48483,48,13.85414,915,5,40.7,26.9,15,88.4,35,7.2,11,30,11,0.0489,2.7,68.8
Wichita,0.18,"129,350",725,0.0435,107013,48485,48,21.62671,628,207,35.2,24.2,20,605.9,45,8.8,15,32,13,0.0466,10.5,65.3
Wilbarger,0.18,"12,887",77,0.0481,107395,48487,48,15.37106,971,13,40.2,37.5,17,391.5,53,8,13,29,12,0.0601,7.4,58.1
Willacy,0.15,"20,164",126,0.0462,108479,48489,48,6.8554,591,33,33.8,44,20,351.6,55,8.8,19,31,10,0.0543,1.9,8.9
Williamson,0.22,"609,017","3,732",0.0566,110116,48491,48,9.02586,"1,116",669,37.2,11,13,259,17,10.4,13,31,8,0.0584,6.4,59.6
Wilson,0.19,"49,753",358,0.0673,117599,48493,48,8.43259,804,71,40.8,16.4,13,157.8,24,9.9,13,35,11,0.0743,1.4,57.2
Winkler,0.19,"7,791",70,0.0565,132049,48495,48,20.32125,841,9,34.7,18.6,16,274.8,61,7,10,31,9,0.0714,2,35.2
Wise,0.2,"68,632",493,0.0628,139825,48497,48,14.73455,904,93,38.9,17.3,15,139.8,32,9.9,12,31,12,0.0683,1.4,76.5
Wood,0.18,"44,843",243,0.0603,141712,48499,48,15.98156,645,77,48.1,21.4,15,235.3,34,10.1,15,29,13,0.0678,5.2,82.4
Yoakum,0.19,"7,694",57,0.0375,144532,48501,48,15.06413,800,9,30.7,18.9,14,257.4,57,7.3,13,29,9,0.0486,0.9,30.9
Young,0.18,"17,867",118,0.0544,155670,48503,48,27.26403,914,20,40.7,22.4,15,268.2,50,8.2,10,32,13,0.0642,1.2,77.8
Zapata,0.15,"13,889",115,0.047,173932,48505,48,8.91432,998,14,31.2,50.4,18,243.5,79,7.9,23,29,9,0.0555,0.2,4.9
Zavala,0.14,"9,670",89,0.0504,223419,48507,48,9.85479,"1,297",7,32.7,57.3,20,122.6,70,8.3,23,28,9,0.0621,0.5,5.1
